{"x":[0,-11.4487774173311,-29.395093557608448,-36.95546435006759,-32.67602178050478,-29.21074375663361,-38.32570663724661,-45.498961754128686,-48.24139355382853,-46.811603804773824,-63.78588878130139,-53.16721214344321,-37.72205916363094,-36.144521259184735,-35.5029969891919,-17.936724832867814,-19.671281500659198,-20.84176087781269,-16.838454678264537,-15.691267477026326,-13.802825080132669],"y":[0,-2.047844790851077,-5.257905453503117,-6.610230280851303,-14.963175774149878,-1.515830660259807,-4.6119076563283565,9.700173909749637,7.780872994406265,8.505422667514528,15.470333329498377,9.23489864719626,17.06177008058623,32.51056764380749,38.79300215842656,47.694756249900614,43.520147184469096,49.90082836203732,52.75567812815369,53.03514776231824,53.23649039179003]}