{
  "x": [0, 1.3228765598425438, 0.201749004423883, 1.5818248185227428, -1.7107910212513346, -2.131569349190868, -3.3230966629716954, -5.493674782215985, -8.778152226880948, -10.71532212101158, -10.50572067690721, -12.261325934623997, -13.439467084407074, -22.782096490346255, -24.07589818437587],
  "y": [0, 15.120548269097277, 17.895436342516753, 29.13525186940693, 42.34121270103091, 45.33520607548732, 55.039417297312376, 67.34937752304252, 82.80162900311618, 92.76750416158269, 95.76494446064414, 112.46841272031106, 114.50901305022296, 98.96026661871379, 86.65056577022546]
}